<?xml version='1.0' encoding='UTF-8'?>
<?artifactRepository version='1.1.0'?>
<repository name='file:/C:/TeamCity/buildAgent/work/f65e26e32776dc7/target/update-site/ - artifacts' type='org.eclipse.equinox.p2.artifact.repository.simpleRepository' version='1'>
  <properties size='2'>
    <property name='p2.timestamp' value='1407974561963'/>
    <property name='p2.compressed' value='false'/>
  </properties>
  <mappings size='3'>
    <rule filter='(&amp; (classifier=osgi.bundle))' output='${repoUrl}/plugins/${id}_${version}.jar'/>
    <rule filter='(&amp; (classifier=binary))' output='${repoUrl}/binary/${id}_${version}'/>
    <rule filter='(&amp; (classifier=org.eclipse.update.feature))' output='${repoUrl}/features/${id}_${version}.jar'/>
  </mappings>
  <artifacts size='2'>
    <artifact classifier='osgi.bundle' id='org.mule.tooling.ui.contribution.dynamicscrm.3.5.0' version='1.8.4.201408140002'>
      <properties size='3'>
        <property name='artifact.size' value='1659726'/>
        <property name='download.size' value='1659726'/>
        <property name='download.md5' value='8e0efc11fff05128fe6256a1a9ff0f8a'/>
      </properties>
    </artifact>
    <artifact classifier='org.eclipse.update.feature' id='org.mule.tooling.ui.extension.ms-dynamics-crm.3.5.0' version='1.8.4.201408140002'>
      <properties size='4'>
        <property name='artifact.size' value='866'/>
        <property name='download.size' value='866'/>
        <property name='download.md5' value='bd1d8309173a58975fdcdb15b8ead9b0'/>
        <property name='download.contentType' value='application/zip'/>
      </properties>
    </artifact>
  </artifacts>
</repository>
