<?xml version='1.0' encoding='UTF-8'?>
<?metadataRepository version='1.1.0'?>
<repository name='file:/C:/TeamCity/buildAgent/work/f65e26e32776dc7/target/update-site/ - metadata' type='org.eclipse.equinox.internal.p2.metadata.repository.LocalMetadataRepository' version='1.0.0'>
  <properties size='2'>
    <property name='p2.timestamp' value='1407974565779'/>
    <property name='p2.compressed' value='false'/>
  </properties>
  <units size='4'>
    <unit id='file:/C:/TeamCity/buildAgent/work/f65e26e32776dc7/target/classes/category.xml.org.mule.modules' version='1.0.0.27E77cKMyUv7735A3I5A3337'>
      <properties size='2'>
        <property name='org.eclipse.equinox.p2.name' value='Standard'/>
        <property name='org.eclipse.equinox.p2.type.category' value='true'/>
      </properties>
      <provides size='1'>
        <provided namespace='org.eclipse.equinox.p2.iu' name='file:/C:/TeamCity/buildAgent/work/f65e26e32776dc7/target/classes/category.xml.org.mule.modules' version='1.0.0.27E77cKMyUv7735A3I5A3337'/>
      </provides>
      <requires size='1'>
        <required namespace='org.eclipse.equinox.p2.iu' name='org.mule.tooling.ui.extension.ms-dynamics-crm.3.5.0.feature.group' range='[1.8.4.201408140002,1.8.4.201408140002]'/>
      </requires>
      <touchpoint id='null' version='0.0.0'/>
    </unit>
    <unit id='org.mule.tooling.ui.contribution.dynamicscrm.3.5.0' version='1.8.4.201408140002'>
      <update id='org.mule.tooling.ui.contribution.dynamicscrm.3.5.0' range='[0.0.0,1.8.4.201408140002)' severity='0'/>
      <properties size='2'>
        <property name='org.eclipse.equinox.p2.name' value='Microsoft Dynamics CRM Connector'/>
        <property name='org.eclipse.equinox.p2.provider' value='MuleSoft, Inc.'/>
      </properties>
      <provides size='3'>
        <provided namespace='org.eclipse.equinox.p2.iu' name='org.mule.tooling.ui.contribution.dynamicscrm.3.5.0' version='1.8.4.201408140002'/>
        <provided namespace='osgi.bundle' name='org.mule.tooling.ui.contribution.dynamicscrm.3.5.0' version='1.8.4.201408140002'/>
        <provided namespace='org.eclipse.equinox.p2.eclipse.type' name='bundle' version='1.0.0'/>
      </provides>
      <requires size='3'>
        <required namespace='osgi.bundle' name='org.eclipse.ui' range='0.0.0'/>
        <required namespace='osgi.bundle' name='org.eclipse.core.runtime' range='0.0.0'/>
        <required namespace='osgi.bundle' name='org.mule.tooling.core' range='1.0.0'/>
      </requires>
      <artifacts size='1'>
        <artifact classifier='osgi.bundle' id='org.mule.tooling.ui.contribution.dynamicscrm.3.5.0' version='1.8.4.201408140002'/>
      </artifacts>
      <touchpoint id='org.eclipse.equinox.p2.osgi' version='1.0.0'/>
      <touchpointData size='1'>
        <instructions size='2'>
          <instruction key='manifest'>
            Bundle-SymbolicName: org.mule.tooling.ui.contribution.dynamicscrm.3.5.0;singleton:=true&#xA;Bundle-Version: 1.8.4.201408140002
          </instruction>
          <instruction key='zipped'>
            true
          </instruction>
        </instructions>
      </touchpointData>
    </unit>
    <unit id='org.mule.tooling.ui.extension.ms-dynamics-crm.3.5.0.feature.jar' version='1.8.4.201408140002'>
      <properties size='2'>
        <property name='org.eclipse.equinox.p2.name' value='Microsoft Dynamics CRM Connector (Mule 3.5+)'/>
        <property name='org.eclipse.equinox.p2.provider' value='Mulesoft, Inc.'/>
      </properties>
      <provides size='3'>
        <provided namespace='org.eclipse.equinox.p2.iu' name='org.mule.tooling.ui.extension.ms-dynamics-crm.3.5.0.feature.jar' version='1.8.4.201408140002'/>
        <provided namespace='org.eclipse.equinox.p2.eclipse.type' name='feature' version='1.0.0'/>
        <provided namespace='org.eclipse.update.feature' name='org.mule.tooling.ui.extension.ms-dynamics-crm.3.5.0' version='1.8.4.201408140002'/>
      </provides>
      <filter>
        (org.eclipse.update.install.features=true)
      </filter>
      <artifacts size='1'>
        <artifact classifier='org.eclipse.update.feature' id='org.mule.tooling.ui.extension.ms-dynamics-crm.3.5.0' version='1.8.4.201408140002'/>
      </artifacts>
      <touchpoint id='org.eclipse.equinox.p2.osgi' version='1.0.0'/>
      <touchpointData size='1'>
        <instructions size='1'>
          <instruction key='zipped'>
            true
          </instruction>
        </instructions>
      </touchpointData>
      <licenses size='1'>
        <license>
          (c) 2003-2012 MuleSoft, Inc. This software is protected under international&#xD;&#xA;copyright law. All use of this software is subject to MuleSoft&apos;s Master&#xD;&#xA;Subscription Agreement (or other Terms of Service) separately entered&#xD;&#xA;into between you and MuleSoft. If such an agreement is not in&#xD;&#xA;place, you may not use the software.
        </license>
      </licenses>
    </unit>
    <unit id='org.mule.tooling.ui.extension.ms-dynamics-crm.3.5.0.feature.group' version='1.8.4.201408140002' singleton='false'>
      <update id='org.mule.tooling.ui.extension.ms-dynamics-crm.3.5.0.feature.group' range='[0.0.0,1.8.4.201408140002)' severity='0'/>
      <properties size='3'>
        <property name='org.eclipse.equinox.p2.name' value='Microsoft Dynamics CRM Connector (Mule 3.5+)'/>
        <property name='org.eclipse.equinox.p2.provider' value='Mulesoft, Inc.'/>
        <property name='org.eclipse.equinox.p2.type.group' value='true'/>
      </properties>
      <provides size='1'>
        <provided namespace='org.eclipse.equinox.p2.iu' name='org.mule.tooling.ui.extension.ms-dynamics-crm.3.5.0.feature.group' version='1.8.4.201408140002'/>
      </provides>
      <requires size='2'>
        <required namespace='org.eclipse.equinox.p2.iu' name='org.mule.tooling.ui.contribution.dynamicscrm.3.5.0' range='[1.8.4.201408140002,1.8.4.201408140002]'/>
        <required namespace='org.eclipse.equinox.p2.iu' name='org.mule.tooling.ui.extension.ms-dynamics-crm.3.5.0.feature.jar' range='[1.8.4.201408140002,1.8.4.201408140002]'>
          <filter>
            (org.eclipse.update.install.features=true)
          </filter>
        </required>
      </requires>
      <touchpoint id='null' version='0.0.0'/>
      <licenses size='1'>
        <license>
          (c) 2003-2012 MuleSoft, Inc. This software is protected under international&#xD;&#xA;copyright law. All use of this software is subject to MuleSoft&apos;s Master&#xD;&#xA;Subscription Agreement (or other Terms of Service) separately entered&#xD;&#xA;into between you and MuleSoft. If such an agreement is not in&#xD;&#xA;place, you may not use the software.
        </license>
      </licenses>
    </unit>
  </units>
</repository>
